__run_id,__done,benchmark,compilation,cold_start_energy,warm_start_energy,cold_start_cpu_util,warm_start_cpu_util,cold_start_duration,warm_start_duration,cold_start_memory_util,warm_start_memory_util
run_0_repetition_0,DONE,binary_trees/original.py,original,4.448,4.186,86.234,99.211,2185,1882,452894720,483827712
run_1_repetition_0,DONE,binary_trees/original.py,numba,3.81,4.034,87.767,100.0,2394,1958,446337024,478318592
run_2_repetition_0,DONE,binary_trees/original.py,cython,3.342,2.529,79.598,100.0,1502,1331,448466944,472399872
run_3_repetition_0,DONE,dac_mergesort/original.py,original,2.083,2.087,63.519,100.0,1007,647,30883840,30752768
run_4_repetition_0,DONE,dac_mergesort/original.py,numba,2.005,1.841,65.376,98.338,1064,704,30916608,30785536
run_5_repetition_0,DONE,dac_mergesort/original.py,cython,1.987,1.666,60.244,100.0,893,573,30945280,30814208
run_6_repetition_0,DONE,dijkstra/original.py,original,2.098,2.619,68.899,100.0,1178,894,10313728,10731520
run_7_repetition_0,DONE,dijkstra/original.py,numba,2.205,2.456,71.823,98.163,1197,913,10489856,10489856
run_8_repetition_0,DONE,dijkstra/original.py,cython,2.346,1.773,67.593,98.987,969,875,10932224,10932224
run_9_repetition_0,DONE,fannkuch/original.py,original,1.929,1.308,58.725,95.435,760,419,25116672,25116672
run_10_repetition_0,DONE,fannkuch/original.py,numba,1.948,1.446,57.344,96.364,760,400,25444352,25444352
run_11_repetition_0,DONE,fannkuch/original.py,cython,1.39,1.084,59.967,100.0,798,305,25645056,25579520
run_12_repetition_0,DONE,insertionsort/original.py,original,1.515,1.484,64.385,97.5,950,590,16392192,16392192
run_13_repetition_0,DONE,insertionsort/original.py,numba,1.997,1.626,57.024,97.98,741,609,16625664,16625664
run_14_repetition_0,DONE,insertionsort/original.py,cython,2.089,2.044,57.87,100.0,741,514,16797696,16797696
run_15_repetition_0,DONE,mandlebrot/original.py,original,27.104,26.666,95.772,100.0,7410,6994,395313152,400453632
run_16_repetition_0,DONE,mandlebrot/original.py,numba,26.678,27.117,95.559,100.0,7335,7012,395853824,397819904
run_17_repetition_0,DONE,mandlebrot/original.py,cython,19.853,19.394,94.474,99.725,5757,5511,378134528,381878272
run_18_repetition_0,DONE,nbody/original.py,original,4.175,4.352,78.68,99.269,1501,1352,10104832,10104832
run_19_repetition_0,DONE,nbody/original.py,numba,4.312,4.997,80.889,99.348,1558,1294,10186752,10186752
run_20_repetition_0,DONE,nbody/original.py,cython,4.773,5.351,79.713,99.296,1596,1331,10530816,10530816
run_21_repetition_0,DONE,recur_matrix_multiplication/original.py,original,3.263,2.959,72.869,100.0,1197,1217,10067968,10067968
run_22_repetition_0,DONE,recur_matrix_multiplication/original.py,numba,3.332,3.335,72.536,99.224,1197,1084,10076160,10076160
run_23_repetition_0,DONE,recur_matrix_multiplication/original.py,cython,1.283,1.73,59.464,99.038,741,477,38952960,39002112
run_24_repetition_0,DONE,richards/original.py,original,4.158,3.933,80.924,98.333,1597,1122,25837568,25837568
run_25_repetition_0,DONE,richards/original.py,numba,4.865,4.367,79.833,99.194,1520,1160,25997312,25997312
run_26_repetition_0,DONE,richards/original.py,cython,6.239,5.414,83.259,99.506,1900,1522,25669632,25497600
run_27_repetition_0,DONE,spectral_norm/original.py,original,10.3,10.018,88.462,100.0,2888,2604,77565952,77565952
run_28_repetition_0,DONE,spectral_norm/original.py,numba,10.315,10.155,88.971,100.0,2850,2566,77901824,77901824
run_29_repetition_0,DONE,spectral_norm/original.py,cython,8.634,8.422,87.188,100.0,2413,2091,80269312,80269312
run_0_repetition_1,DONE,binary_trees/original.py,original,3.856,3.792,85.585,100.0,2356,1958,443686912,480092160
run_1_repetition_1,DONE,binary_trees/original.py,numba,4.353,4.264,86.693,99.581,2375,1996,443682816,480432128
run_2_repetition_1,DONE,binary_trees/original.py,cython,2.31,2.785,81.083,100.0,1710,1236,440332288,463278080
run_3_repetition_1,DONE,dac_mergesort/original.py,original,2.286,1.435,60.954,100.0,855,818,30818304,30707712
run_4_repetition_1,DONE,dac_mergesort/original.py,numba,1.951,1.724,66.293,97.857,950,780,30969856,30838784
run_5_repetition_1,DONE,dac_mergesort/original.py,cython,1.799,1.477,59.464,100.0,741,533,30941184,30810112
run_6_repetition_1,DONE,dijkstra/original.py,original,3.27,3.13,70.679,100.0,1120,952,10313728,10731520
run_7_repetition_1,DONE,dijkstra/original.py,numba,2.647,2.897,67.113,98.142,987,762,10186752,10604544
run_8_repetition_1,DONE,dijkstra/original.py,cython,2.01,2.229,64.39,99.307,893,704,10878976,10878976
run_9_repetition_1,DONE,fannkuch/original.py,original,1.711,1.166,61.248,100.0,798,439,25362432,25223168
run_10_repetition_1,DONE,fannkuch/original.py,numba,1.654,1.301,62.079,97.835,817,400,25264128,25124864
run_11_repetition_1,DONE,fannkuch/original.py,cython,1.057,1.034,60.25,100.0,798,324,25530368,25530368
run_12_repetition_1,DONE,insertionsort/original.py,original,1.714,1.966,60.053,100.0,779,514,16539648,16539648
run_13_repetition_1,DONE,insertionsort/original.py,numba,1.863,2.05,61.33,100.0,779,533,16629760,16629760
run_14_repetition_1,DONE,insertionsort/original.py,cython,1.555,2.024,68.786,100.0,893,533,16887808,16887808
run_15_repetition_1,DONE,mandlebrot/original.py,original,27.539,28.232,96.089,100.0,8284,7848,390647808,395759616
run_16_repetition_1,DONE,mandlebrot/original.py,numba,27.886,28.124,95.862,100.0,7885,7640,392691712,397803520
run_17_repetition_1,DONE,mandlebrot/original.py,cython,19.487,20.003,94.803,99.837,5909,5492,374988800,381575168
run_18_repetition_1,DONE,nbody/original.py,original,4.355,4.409,79.271,100.0,1483,1312,10280960,10280960
run_19_repetition_1,DONE,nbody/original.py,numba,4.813,4.717,78.973,100.0,1501,1445,10186752,10186752
run_20_repetition_1,DONE,nbody/original.py,cython,4.826,5.378,79.073,99.315,1750,1369,10727424,10727424
run_21_repetition_1,DONE,recur_matrix_multiplication/original.py,original,3.675,3.147,70.64,99.271,1254,1217,10072064,10072064
run_22_repetition_1,DONE,recur_matrix_multiplication/original.py,numba,3.161,3.381,75.977,98.329,1463,1066,10084352,10280960
run_23_repetition_1,DONE,recur_matrix_multiplication/original.py,cython,1.51,1.698,53.652,96.939,665,514,38719488,38969344
run_24_repetition_1,DONE,richards/original.py,original,4.859,3.879,78.86,100.0,1444,1141,25841664,25800704
run_25_repetition_1,DONE,richards/original.py,numba,4.588,3.901,79.786,98.525,1558,1141,25939968,25690112
run_26_repetition_1,DONE,richards/original.py,cython,5.801,5.379,82.582,100.0,1900,1464,25735168,25702400
run_27_repetition_1,DONE,spectral_norm/original.py,original,9.866,10.102,89.061,99.686,2850,2528,77901824,77901824
run_28_repetition_1,DONE,spectral_norm/original.py,numba,10.476,10.282,89.411,99.328,2812,2529,78467072,78467072
run_29_repetition_1,DONE,spectral_norm/original.py,cython,8.729,8.433,87.619,99.28,2546,2243,79851520,79851520
run_0_repetition_2,DONE,binary_trees/original.py,original,3.466,3.749,86.256,99.038,2299,1958,449765376,478683136
run_1_repetition_2,DONE,binary_trees/original.py,numba,4.122,4.306,86.073,99.531,2280,1901,451907584,485855232
run_2_repetition_2,DONE,binary_trees/original.py,cython,2.986,2.865,80.247,99.265,1577,1274,439005184,477913088
run_3_repetition_2,DONE,dac_mergesort/original.py,original,2.315,1.507,63.483,100.0,855,780,30814208,30683136
run_4_repetition_2,DONE,dac_mergesort/original.py,numba,2.374,1.836,61.686,97.744,836,704,30752768,30621696
run_5_repetition_2,DONE,dac_mergesort/original.py,cython,1.342,1.703,64.519,96.059,855,533,30998528,30867456
run_6_repetition_2,DONE,dijkstra/original.py,original,2.424,2.642,67.834,98.889,950,837,10223616,10641408
run_7_repetition_2,DONE,dijkstra/original.py,numba,2.629,2.871,67.4,98.074,988,761,10493952,10493952
run_8_repetition_2,DONE,dijkstra/original.py,cython,2.19,2.2,64.583,99.231,893,723,10870784,10870784
run_9_repetition_2,DONE,fannkuch/original.py,original,1.716,1.451,61.13,95.671,798,400,25264128,25264128
run_10_repetition_2,DONE,fannkuch/original.py,numba,1.382,1.389,65.232,96.087,931,419,25264128,25264128
run_11_repetition_2,DONE,fannkuch/original.py,cython,1.409,1.06,57.5,100.0,741,305,25575424,25559040
run_12_repetition_2,DONE,insertionsort/original.py,original,1.873,1.843,60.97,100.0,798,514,16596992,16596992
run_13_repetition_2,DONE,insertionsort/original.py,numba,1.898,1.757,60.078,98.065,779,571,16629760,16629760
run_14_repetition_2,DONE,insertionsort/original.py,cython,2.096,2.035,59.949,100.0,779,533,16822272,16822272
run_15_repetition_2,DONE,mandlebrot/original.py,original,28.526,27.896,95.949,100.0,8075,7601,388014080,394502144
run_16_repetition_2,DONE,mandlebrot/original.py,numba,28.672,28.492,95.885,99.811,7989,7629,387620864,394305536
run_17_repetition_2,DONE,mandlebrot/original.py,cython,20.431,20.049,94.375,100.0,5871,5511,377638912,383156224
run_18_repetition_2,DONE,nbody/original.py,original,4.509,4.491,78.025,100.0,1444,1350,10231808,10231808
run_19_repetition_2,DONE,nbody/original.py,numba,4.443,4.717,78.483,100.0,1463,1293,10096640,10297344
run_20_repetition_2,DONE,nbody/original.py,cython,5.118,4.826,79.259,99.342,1501,1426,10674176,10674176
run_21_repetition_2,DONE,recur_matrix_multiplication/original.py,original,3.278,3.42,74.263,100.0,1254,1141,10031104,10424320
run_22_repetition_2,DONE,recur_matrix_multiplication/original.py,numba,2.975,3.137,75.086,100.0,1292,1161,10031104,10227712
run_23_repetition_2,DONE,recur_matrix_multiplication/original.py,cython,1.551,1.922,50.778,97.037,665,496,38559744,39018496
run_24_repetition_2,DONE,richards/original.py,original,4.481,4.081,80.27,98.706,1558,1141,25690112,25690112
run_25_repetition_2,DONE,richards/original.py,numba,4.125,3.933,79.273,99.137,1539,1141,26107904,25985024
run_26_repetition_2,DONE,richards/original.py,cython,5.874,5.584,83.947,100.0,1881,1483,25669632,25403392
run_27_repetition_2,DONE,spectral_norm/original.py,original,9.81,9.879,88.726,100.0,2793,2471,77983744,77983744
run_28_repetition_2,DONE,spectral_norm/original.py,numba,10.102,9.893,88.095,99.406,2850,2498,78598144,78598144
run_29_repetition_2,DONE,spectral_norm/original.py,cython,8.717,8.207,87.475,100.0,2546,2319,80175104,80175104
run_0_repetition_3,DONE,binary_trees/original.py,original,4.366,3.936,85.287,100.0,2204,1920,451407872,483667968
run_1_repetition_3,DONE,binary_trees/original.py,numba,3.83,4.119,88.133,99.208,2299,1901,444522496,480632832
run_2_repetition_3,DONE,binary_trees/original.py,cython,3.092,2.445,77.827,98.929,1425,1313,439111680,477917184
run_3_repetition_3,DONE,dac_mergesort/original.py,original,1.868,2.092,68.773,100.0,969,667,30883840,30752768
run_4_repetition_3,DONE,dac_mergesort/original.py,numba,2.308,2.284,63.527,100.0,855,609,30855168,30724096
run_5_repetition_3,DONE,dac_mergesort/original.py,cython,1.518,1.57,61.464,100.0,779,533,31068160,30937088
run_6_repetition_3,DONE,dijkstra/original.py,original,2.843,2.607,66.632,99.318,988,818,10272768,10493952
run_7_repetition_3,DONE,dijkstra/original.py,numba,2.765,2.445,67.412,100.0,912,913,10260480,10481664
run_8_repetition_3,DONE,dijkstra/original.py,cython,2.272,2.61,65.481,99.306,931,666,10838016,10838016
run_9_repetition_3,DONE,fannkuch/original.py,original,1.56,1.374,64.438,100.0,874,381,25227264,25227264
run_10_repetition_3,DONE,fannkuch/original.py,numba,2.011,1.375,58.113,96.491,780,381,25452544,25313280
run_11_repetition_3,DONE,fannkuch/original.py,cython,1.291,1.038,58.76,100.0,760,305,25559040,25559040
run_12_repetition_3,DONE,insertionsort/original.py,original,1.553,1.914,60.943,98.496,817,514,16396288,16592896
run_13_repetition_3,DONE,insertionsort/original.py,numba,1.673,1.203,62.538,100.0,931,742,16400384,16596992
run_14_repetition_3,DONE,insertionsort/original.py,cython,2.052,1.707,63.595,98.548,760,571,16871424,16871424
run_15_repetition_3,DONE,mandlebrot/original.py,original,27.764,27.144,96.211,99.854,8075,7791,395849728,397815808
run_16_repetition_3,DONE,mandlebrot/original.py,numba,26.905,26.58,95.661,99.779,7220,6860,391434240,393420800
run_17_repetition_3,DONE,mandlebrot/original.py,cython,20.371,19.854,94.468,99.853,5795,5407,380846080,386080768
run_18_repetition_3,DONE,nbody/original.py,original,4.661,4.725,79.144,100.0,1501,1293,10141696,10342400
run_19_repetition_3,DONE,nbody/original.py,numba,5.032,5.176,81.832,99.277,1729,1559,10096640,10096640
run_20_repetition_3,DONE,nbody/original.py,cython,5.018,4.84,79.828,98.581,1501,1388,10661888,10661888
run_21_repetition_3,DONE,recur_matrix_multiplication/original.py,original,3.649,3.325,73.716,98.659,1216,1084,10117120,10313728
run_22_repetition_3,DONE,recur_matrix_multiplication/original.py,numba,3.544,3.156,76.043,100.0,1292,1103,9875456,10072064
run_23_repetition_3,DONE,recur_matrix_multiplication/original.py,cython,1.518,1.775,54.454,97.076,684,496,38473728,38952960
run_24_repetition_3,DONE,richards/original.py,original,4.534,4.061,78.938,100.0,1520,1122,26030080,25792512
run_25_repetition_3,DONE,richards/original.py,numba,3.985,4.417,81.559,97.226,1634,1065,25976832,25853952
run_26_repetition_3,DONE,richards/original.py,cython,6.043,5.324,81.973,100.0,1843,1502,25649152,25382912
run_27_repetition_3,DONE,spectral_norm/original.py,original,10.037,10.269,88.793,100.0,2851,2433,76644352,76644352
run_28_repetition_3,DONE,spectral_norm/original.py,numba,9.612,9.678,88.438,99.644,2812,2509,77340672,77340672
run_29_repetition_3,DONE,spectral_norm/original.py,cython,8.597,8.487,88.01,99.58,2699,2243,79392768,79392768
run_0_repetition_4,DONE,binary_trees/original.py,original,3.981,4.023,86.621,98.868,2433,1998,444137472,479166464
run_1_repetition_4,DONE,binary_trees/original.py,numba,3.664,4.421,86.049,100.0,2280,1863,441790464,481427456
run_2_repetition_4,DONE,binary_trees/original.py,cython,2.887,2.714,79.862,98.776,1558,1312,447705088,471457792
run_3_repetition_4,DONE,dac_mergesort/original.py,original,1.971,2.001,65.549,97.551,912,647,30765056,30830592
run_4_repetition_4,DONE,dac_mergesort/original.py,numba,2.432,2.262,70.503,98.606,1007,761,30818304,30642176
run_5_repetition_4,DONE,dac_mergesort/original.py,cython,1.082,1.255,70.077,100.0,1045,609,30810112,30810112
run_6_repetition_4,DONE,dijkstra/original.py,original,2.749,2.866,69.354,100.0,1007,799,10477568,10698752
run_7_repetition_4,DONE,dijkstra/original.py,numba,2.839,2.418,66.673,100.0,931,875,10272768,10493952
run_8_repetition_4,DONE,dijkstra/original.py,cython,2.358,2.373,60.125,98.942,798,666,10915840,10915840
run_9_repetition_4,DONE,fannkuch/original.py,original,1.995,1.096,59.617,95.614,760,438,25280512,25280512
run_10_repetition_4,DONE,fannkuch/original.py,numba,1.482,1.267,65.672,97.516,912,419,25313280,25104384
run_11_repetition_4,DONE,fannkuch/original.py,cython,1.68,0.892,53.704,98.421,703,344,25747456,25473024
run_12_repetition_4,DONE,insertionsort/original.py,original,1.446,1.999,62.922,97.044,836,533,16642048,16642048
run_13_repetition_4,DONE,insertionsort/original.py,numba,1.773,1.913,58.275,100.0,760,533,16519168,16519168
run_14_repetition_4,DONE,insertionsort/original.py,cython,1.906,1.595,58.113,100.0,779,647,16871424,16871424
run_15_repetition_4,DONE,mandlebrot/original.py,original,26.502,24.66,95.83,99.873,7334,7466,388014080,394502144
run_16_repetition_4,DONE,mandlebrot/original.py,numba,27.299,26.105,95.771,99.861,7467,7152,387596288,392511488
run_17_repetition_4,DONE,mandlebrot/original.py,cython,19.113,19.165,93.83,100.0,5282,4903,377311232,382529536
run_18_repetition_4,DONE,nbody/original.py,original,4.512,4.539,79.28,99.366,1520,1331,10072064,10072064
run_19_repetition_4,DONE,nbody/original.py,numba,4.293,4.965,81.306,100.0,1615,1331,10280960,10280960
run_20_repetition_4,DONE,nbody/original.py,cython,4.432,5.1,78.948,99.079,1824,1426,10661888,10661888
run_21_repetition_4,DONE,recur_matrix_multiplication/original.py,original,3.286,3.546,75.886,98.125,1273,1046,10092544,10289152
run_22_repetition_4,DONE,recur_matrix_multiplication/original.py,numba,3.02,2.928,77.785,99.26,1463,1199,10117120,10313728
run_23_repetition_4,DONE,recur_matrix_multiplication/original.py,cython,1.279,1.343,57.396,100.0,911,591,38662144,38944768
run_24_repetition_4,DONE,richards/original.py,original,4.967,3.751,77.873,98.769,1463,1217,25866240,25866240
run_25_repetition_4,DONE,richards/original.py,numba,4.775,3.554,78.244,98.684,1520,1198,25862144,25862144
run_26_repetition_4,DONE,richards/original.py,cython,6.297,5.193,82.835,99.412,1786,1521,25837568,25571328
run_27_repetition_4,DONE,spectral_norm/original.py,original,10.174,9.941,88.982,99.701,2850,2517,78950400,78950400
run_28_repetition_4,DONE,spectral_norm/original.py,numba,9.815,9.965,89.102,99.389,2907,2471,76746752,76746752
run_29_repetition_4,DONE,spectral_norm/original.py,cython,8.993,8.713,88.628,99.516,2642,2326,80588800,80588800
run_0_repetition_5,DONE,binary_trees/original.py,original,4.211,3.741,84.847,100.0,2185,1958,444116992,478064640
run_1_repetition_5,DONE,binary_trees/original.py,numba,4.275,3.657,85.532,100.0,2185,1958,446771200,480620544
run_2_repetition_5,DONE,binary_trees/original.py,cython,2.804,2.768,78.593,100.0,1539,1236,444837888,482672640
run_3_repetition_5,DONE,dac_mergesort/original.py,original,2.352,1.878,63.436,97.683,874,685,30961664,30830592
run_4_repetition_5,DONE,dac_mergesort/original.py,numba,2.403,1.802,63.772,98.421,874,704,30846976,30912512
run_5_repetition_5,DONE,dac_mergesort/original.py,cython,1.756,1.935,58.5,97.143,722,457,31043584,30990336
run_6_repetition_5,DONE,dijkstra/original.py,original,2.844,2.383,68.294,100.0,912,894,10428416,10649600
run_7_repetition_5,DONE,dijkstra/original.py,numba,2.679,2.445,69.486,100.0,1140,913,10493952,10493952
run_8_repetition_5,DONE,dijkstra/original.py,cython,2.263,2.285,64.63,99.269,931,666,11034624,11034624
run_9_repetition_5,DONE,fannkuch/original.py,original,1.959,1.145,56.633,100.0,779,438,25264128,25124864
run_10_repetition_5,DONE,fannkuch/original.py,numba,1.255,1.404,67.174,95.652,950,419,25264128,25264128
run_11_repetition_5,DONE,fannkuch/original.py,cython,1.706,0.879,56.775,100.0,722,362,25608192,25538560
run_12_repetition_5,DONE,insertionsort/original.py,original,1.96,1.75,58.033,100.0,741,552,16519168,16519168
run_13_repetition_5,DONE,insertionsort/original.py,numba,1.668,1.899,61.99,97.333,798,552,16465920,16465920
run_14_repetition_5,DONE,insertionsort/original.py,cython,2.043,1.837,58.311,98.387,760,571,16998400,16998400
run_15_repetition_5,DONE,mandlebrot/original.py,original,26.924,27.263,95.882,99.933,7448,7069,398532608,400498688
run_16_repetition_5,DONE,mandlebrot/original.py,numba,27.03,27.857,95.921,99.742,7943,7343,392695808,397807616
run_17_repetition_5,DONE,mandlebrot/original.py,cython,19.141,19.911,94.534,100.0,5890,5492,374214656,379424768
run_18_repetition_5,DONE,nbody/original.py,original,4.071,4.156,80.178,100.0,1805,1409,10313728,10313728
run_19_repetition_5,DONE,nbody/original.py,numba,3.623,4.793,81.656,99.44,1767,1275,10096640,10096640
run_20_repetition_5,DONE,nbody/original.py,cython,4.949,5.242,79.515,98.649,1520,1389,10530816,10530816
run_21_repetition_5,DONE,recur_matrix_multiplication/original.py,original,3.011,3.395,76.7,98.639,1292,1046,10076160,10076160
run_22_repetition_5,DONE,recur_matrix_multiplication/original.py,numba,3.325,3.489,76.386,100.0,1254,1008,10027008,10223616
run_23_repetition_5,DONE,recur_matrix_multiplication/original.py,cython,1.314,1.714,55.601,99.074,722,495,38936576,38989824
run_24_repetition_5,DONE,richards/original.py,original,4.695,4.34,79.514,100.0,1558,1084,26025984,25776128
run_25_repetition_5,DONE,richards/original.py,numba,4.404,3.985,79.617,98.548,1539,1161,25853952,25853952
run_26_repetition_5,DONE,richards/original.py,cython,5.85,5.241,83.756,98.671,1976,1483,25612288,25554944
run_27_repetition_5,DONE,spectral_norm/original.py,original,10.174,10.224,90.364,99.305,2983,2585,77291520,77291520
run_28_repetition_5,DONE,spectral_norm/original.py,numba,9.794,9.872,88.749,99.545,2888,2490,78184448,78184448
run_29_repetition_5,DONE,spectral_norm/original.py,cython,8.886,8.684,87.475,98.992,2546,2243,80171008,80171008
run_0_repetition_6,DONE,binary_trees/original.py,original,4.16,3.597,84.199,99.206,2204,1996,451018752,488587264
run_1_repetition_6,DONE,binary_trees/original.py,numba,4.024,4.483,86.206,99.455,2280,1902,455565312,483106816
run_2_repetition_6,DONE,binary_trees/original.py,cython,2.528,2.692,81.008,100.0,1691,1274,443162624,476643328
run_3_repetition_6,DONE,dac_mergesort/original.py,original,2.148,1.819,65.274,98.378,874,685,30920704,30789632
run_4_repetition_6,DONE,dac_mergesort/original.py,numba,1.847,1.887,67.571,99.228,931,685,30846976,30912512
run_5_repetition_6,DONE,dac_mergesort/original.py,cython,1.439,1.446,64.603,97.822,836,533,30941184,30810112
run_6_repetition_6,DONE,dijkstra/original.py,original,2.255,2.929,68.063,98.625,969,742,10358784,10579968
run_7_repetition_6,DONE,dijkstra/original.py,numba,2.538,2.911,70.32,98.432,1045,875,10477568,10698752
run_8_repetition_6,DONE,dijkstra/original.py,cython,1.74,2.458,66.434,97.714,931,647,10924032,10924032
run_9_repetition_6,DONE,fannkuch/original.py,original,1.566,1.393,63.968,98.636,836,400,25337856,25198592
run_10_repetition_6,DONE,fannkuch/original.py,numba,1.42,1.414,66.925,100.0,855,419,25268224,25128960
run_11_repetition_6,DONE,fannkuch/original.py,cython,1.608,0.696,56.276,100.0,684,419,25587712,25518080
run_12_repetition_6,DONE,insertionsort/original.py,original,1.869,1.68,58.873,98.771,760,571,16629760,16629760
run_13_repetition_6,DONE,insertionsort/original.py,numba,1.866,1.565,60.524,97.188,760,590,16482304,16482304
run_14_repetition_6,DONE,insertionsort/original.py,cython,1.737,1.334,58.628,97.576,741,609,16797696,16797696
run_15_repetition_6,DONE,mandlebrot/original.py,original,28.538,28.089,95.918,99.804,7980,7639,395231232,401915904
run_16_repetition_6,DONE,mandlebrot/original.py,numba,27.798,27.57,95.936,99.809,7790,7440,387989504,393101312
run_17_repetition_6,DONE,mandlebrot/original.py,cython,20.085,20.899,94.583,99.74,5833,5454,369766400,378126336
run_18_repetition_6,DONE,nbody/original.py,original,4.762,4.351,77.131,99.609,1387,1369,10313728,10313728
run_19_repetition_6,DONE,nbody/original.py,numba,4.42,4.542,78.846,100.0,1501,1312,10186752,10186752
run_20_repetition_6,DONE,nbody/original.py,cython,5.093,5.223,79.337,100.0,1501,1331,10489856,10489856
run_21_repetition_6,DONE,recur_matrix_multiplication/original.py,original,3.343,3.691,74.89,99.081,1216,1067,9867264,10063872
run_22_repetition_6,DONE,recur_matrix_multiplication/original.py,numba,3.022,3.459,75.977,100.0,1330,1065,9965568,10162176
run_23_repetition_6,DONE,recur_matrix_multiplication/original.py,cython,1.252,1.784,59.167,100.0,760,495,38535168,38830080
run_24_repetition_6,DONE,richards/original.py,original,4.462,3.805,79.126,100.0,1520,1122,25657344,25657344
run_25_repetition_6,DONE,richards/original.py,numba,4.197,4.312,80.825,99.183,1577,1084,25792512,25792512
run_26_repetition_6,DONE,richards/original.py,cython,5.693,5.162,84.349,100.0,2128,1635,25665536,25399296
run_27_repetition_6,DONE,spectral_norm/original.py,original,10.154,10.375,89.058,100.0,2888,2566,78553088,78553088
run_28_repetition_6,DONE,spectral_norm/original.py,numba,10.664,10.212,89.589,99.669,2945,2566,78008320,78008320
run_29_repetition_6,DONE,spectral_norm/original.py,cython,9.013,8.428,86.738,99.532,2546,2300,79732736,79732736
run_0_repetition_7,DONE,binary_trees/original.py,original,3.366,3.917,86.619,100.0,2337,2015,449978368,479879168
run_1_repetition_7,DONE,binary_trees/original.py,numba,4.263,4.612,86.879,99.541,2394,2053,448471040,481898496
run_2_repetition_7,DONE,binary_trees/original.py,cython,3.077,2.441,78.674,99.014,1539,1331,446218240,483356672
run_3_repetition_7,DONE,dac_mergesort/original.py,original,2.417,2.078,63.485,100.0,855,628,30793728,30859264
run_4_repetition_7,DONE,dac_mergesort/original.py,numba,2.337,1.723,65.774,100.0,893,723,30810112,30679040
run_5_repetition_7,DONE,dac_mergesort/original.py,cython,1.499,1.319,60.66,96.825,836,552,31174656,31043584
run_6_repetition_7,DONE,dijkstra/original.py,original,2.544,2.618,66.222,98.007,950,799,10186752,10604544
run_7_repetition_7,DONE,dijkstra/original.py,numba,2.76,2.321,63.455,100.0,931,932,10358784,10579968
run_8_repetition_7,DONE,dijkstra/original.py,cython,2.388,2.122,62.857,97.802,836,723,10964992,10964992
run_9_repetition_7,DONE,fannkuch/original.py,original,1.919,1.457,59.988,98.095,760,381,25264128,25153536
run_10_repetition_7,DONE,fannkuch/original.py,numba,2.005,1.45,58.555,98.182,741,400,25292800,25292800
run_11_repetition_7,DONE,fannkuch/original.py,cython,1.441,1.155,60.192,100.0,760,324,25751552,25477120
run_12_repetition_7,DONE,insertionsort/original.py,original,2.042,2.036,58.678,100.0,741,495,16465920,16465920
run_13_repetition_7,DONE,insertionsort/original.py,numba,1.684,1.916,63.206,95.925,798,571,16515072,16515072
run_14_repetition_7,DONE,insertionsort/original.py,cython,1.821,1.553,61.849,100.0,798,647,16801792,16801792
run_15_repetition_7,DONE,mandlebrot/original.py,original,28.397,27.839,95.943,99.776,7809,7620,392278016,394047488
run_16_repetition_7,DONE,mandlebrot/original.py,numba,27.359,27.873,95.703,100.0,7373,7020,388014080,394502144
run_17_repetition_7,DONE,mandlebrot/original.py,cython,19.173,19.388,93.852,100.0,5263,4941,377311232,382529536
run_18_repetition_7,DONE,nbody/original.py,original,4.437,4.633,78.331,100.0,1444,1331,10240000,10240000
run_19_repetition_7,DONE,nbody/original.py,numba,4.476,4.584,78.173,100.0,1482,1312,10186752,10186752
run_20_repetition_7,DONE,nbody/original.py,cython,4.318,5.032,82.627,100.0,1824,1389,10727424,10727424
run_21_repetition_7,DONE,recur_matrix_multiplication/original.py,original,3.221,3.163,73.345,100.0,1235,1122,10031104,10227712
run_22_repetition_7,DONE,recur_matrix_multiplication/original.py,numba,2.992,3.469,75.495,98.765,1292,1008,10076160,10076160
run_23_repetition_7,DONE,recur_matrix_multiplication/original.py,cython,1.452,1.504,56.256,96.716,684,533,38658048,38903808
run_24_repetition_7,DONE,richards/original.py,original,4.816,3.926,79.241,100.0,1501,1141,25927680,25677824
run_25_repetition_7,DONE,richards/original.py,numba,4.47,3.996,79.474,100.0,1482,1103,25903104,25862144
run_26_repetition_7,DONE,richards/original.py,cython,6.356,5.361,82.243,99.398,1881,1559,25645056,25378816
run_27_repetition_7,DONE,spectral_norm/original.py,original,9.661,10.235,88.73,99.697,2888,2490,77926400,77926400
run_28_repetition_7,DONE,spectral_norm/original.py,numba,10.269,9.916,89.006,100.0,2793,2491,77287424,77287424
run_29_repetition_7,DONE,spectral_norm/original.py,cython,8.745,8.715,88.337,99.792,2565,2262,80183296,80183296
run_0_repetition_8,DONE,binary_trees/original.py,original,4.577,4.054,85.124,100.0,2166,1977,444239872,479268864
run_1_repetition_8,DONE,binary_trees/original.py,numba,4.334,4.01,85.528,99.667,2223,1882,442982400,478011392
run_2_repetition_8,DONE,binary_trees/original.py,cython,2.714,2.553,80.102,98.571,1577,1312,442503168,469987328
run_3_repetition_8,DONE,dac_mergesort/original.py,original,2.248,1.861,64.83,98.086,874,704,30851072,30720000
run_4_repetition_8,DONE,dac_mergesort/original.py,numba,2.051,2.054,67.571,100.0,931,723,30883840,30752768
run_5_repetition_8,DONE,dac_mergesort/original.py,cython,1.79,1.911,59.537,98.077,741,477,31117312,30986240
run_6_repetition_8,DONE,dijkstra/original.py,original,2.597,2.446,68.666,100.0,988,856,10485760,10706944
run_7_repetition_8,DONE,dijkstra/original.py,numba,2.864,2.567,64.814,99.07,912,799,10387456,10608640
run_8_repetition_8,DONE,dijkstra/original.py,cython,2.154,2.314,63.602,98.056,874,666,11026432,11026432
run_9_repetition_8,DONE,fannkuch/original.py,original,1.742,1.081,60.825,95.749,893,477,25268224,25268224
run_10_repetition_8,DONE,fannkuch/original.py,numba,1.936,1.266,64.084,96.838,779,419,25391104,25288704
run_11_repetition_8,DONE,fannkuch/original.py,cython,1.223,1.066,60.688,97.523,836,305,25563136,25493504
run_12_repetition_8,DONE,insertionsort/original.py,original,2.008,1.71,57.232,100.0,741,552,16470016,16470016
run_13_repetition_8,DONE,insertionsort/original.py,numba,2.029,1.789,61.312,96.97,760,609,16740352,16740352
run_14_repetition_8,DONE,insertionsort/original.py,cython,2.041,1.913,61.943,98.302,760,571,16842752,16842752
run_15_repetition_8,DONE,mandlebrot/original.py,original,27.284,26.639,95.763,99.77,7429,7050,388009984,394498048
run_16_repetition_8,DONE,mandlebrot/original.py,numba,28.716,27.458,96.262,99.922,8197,6898,390455296,394047488
run_17_repetition_8,DONE,mandlebrot/original.py,cython,19.619,19.26,93.693,100.0,5130,4865,369786880,378146816
run_18_repetition_8,DONE,nbody/original.py,original,4.259,4.815,77.754,100.0,1539,1217,10240000,10240000
run_19_repetition_8,DONE,nbody/original.py,numba,4.14,4.971,79.592,100.0,1520,1236,10076160,10076160
run_20_repetition_8,DONE,nbody/original.py,cython,5.024,4.809,78.364,99.043,1482,1426,10493952,10493952
run_21_repetition_8,DONE,recur_matrix_multiplication/original.py,original,3.379,3.01,75.279,99.524,1197,1180,10002432,10199040
run_22_repetition_8,DONE,recur_matrix_multiplication/original.py,numba,3.203,3.501,76.459,98.889,1330,1008,9990144,10186752
run_23_repetition_8,DONE,recur_matrix_multiplication/original.py,cython,1.557,1.248,55.834,100.0,703,609,38723584,38973440
run_24_repetition_8,DONE,richards/original.py,original,4.801,3.542,79.592,99.194,1444,1217,26034176,25993216
run_25_repetition_8,DONE,richards/original.py,numba,4.888,3.553,77.783,100.0,1444,1198,25948160,25907200
run_26_repetition_8,DONE,richards/original.py,cython,5.866,5.421,83.31,98.947,1938,1502,25583616,25583616
run_27_repetition_8,DONE,spectral_norm/original.py,original,10.333,10.174,88.268,99.481,2793,2547,78127104,78127104
run_28_repetition_8,DONE,spectral_norm/original.py,numba,10.565,10.111,89.046,99.403,2812,2528,77938688,77938688
run_29_repetition_8,DONE,spectral_norm/original.py,cython,8.629,8.357,88.469,99.244,2546,2243,79822848,79822848
run_0_repetition_9,DONE,binary_trees/original.py,original,4.112,3.846,85.849,100.0,2204,1958,452886528,488587264
run_1_repetition_9,DONE,binary_trees/original.py,numba,4.068,3.955,85.454,100.0,2147,1958,455532544,482844672
run_2_repetition_9,DONE,binary_trees/original.py,cython,3.584,2.817,78.616,98.828,1501,1198,443707392,469295104
run_3_repetition_9,DONE,dac_mergesort/original.py,original,2.302,1.625,63.173,100.0,855,761,30920704,30789632
run_4_repetition_9,DONE,dac_mergesort/original.py,numba,2.215,1.603,63.049,98.667,969,838,30969856,30838784
run_5_repetition_9,DONE,dac_mergesort/original.py,cython,1.629,1.733,58.275,100.0,760,534,31027200,30896128
run_6_repetition_9,DONE,dijkstra/original.py,original,2.99,2.616,67.092,100.0,950,914,10280960,10502144
run_7_repetition_9,DONE,dijkstra/original.py,numba,2.552,2.675,67.532,99.373,1007,780,10272768,10493952
run_8_repetition_9,DONE,dijkstra/original.py,cython,2.615,2.168,63.175,97.976,836,723,11026432,11026432
run_9_repetition_9,DONE,fannkuch/original.py,original,1.955,1.19,60.941,96.411,779,400,25239552,25100288
run_10_repetition_9,DONE,fannkuch/original.py,numba,1.987,1.146,59.862,97.036,798,419,25419776,25280512
run_11_repetition_9,DONE,fannkuch/original.py,cython,1.262,0.832,59.269,100.0,779,343,25612288,25530368
run_12_repetition_9,DONE,insertionsort/original.py,original,1.901,1.772,58.228,100.0,722,571,16523264,16523264
run_13_repetition_9,DONE,insertionsort/original.py,numba,1.935,1.828,58.421,100.0,722,533,16470016,16470016
run_14_repetition_9,DONE,insertionsort/original.py,cython,1.672,2.042,65.517,97.241,855,533,16896000,16896000
run_15_repetition_9,DONE,mandlebrot/original.py,original,26.955,27.238,95.435,99.893,7334,7107,390443008,394035200
run_16_repetition_9,DONE,mandlebrot/original.py,numba,28.365,27.821,95.976,100.0,7752,7620,396062720,396361728
run_17_repetition_9,DONE,mandlebrot/original.py,cython,19.986,20.615,94.465,99.837,5966,5530,369790976,378150912
run_18_repetition_9,DONE,nbody/original.py,original,4.222,4.965,80.247,100.0,1520,1275,10186752,10186752
run_19_repetition_9,DONE,nbody/original.py,numba,4.556,4.729,77.988,100.0,1501,1331,10162176,10162176
run_20_repetition_9,DONE,nbody/original.py,cython,4.998,5.024,79.884,99.339,1501,1350,10579968,10579968
run_21_repetition_9,DONE,recur_matrix_multiplication/original.py,original,3.394,2.907,73.161,100.0,1178,1217,9965568,10162176
run_22_repetition_9,DONE,recur_matrix_multiplication/original.py,numba,2.351,3.248,80.553,98.746,1596,1085,9994240,10190848
run_23_repetition_9,DONE,recur_matrix_multiplication/original.py,cython,1.36,1.905,60.453,100.0,760,476,38658048,38907904
run_24_repetition_9,DONE,richards/original.py,original,4.446,4.14,80.486,100.0,1501,1065,26030080,25780224
run_25_repetition_9,DONE,richards/original.py,numba,5.103,3.985,78.917,98.828,1463,1217,25944064,25903104
run_26_repetition_9,DONE,richards/original.py,cython,5.9,5.867,84.063,99.423,1862,1369,25735168,25702400
run_27_repetition_9,DONE,spectral_norm/original.py,original,10.338,10.212,87.976,99.235,2736,2471,78520320,78520320
run_28_repetition_9,DONE,spectral_norm/original.py,numba,10.115,10.323,88.707,99.628,2793,2415,78512128,78512128
run_29_repetition_9,DONE,spectral_norm/original.py,cython,9.057,8.516,87.61,99.545,2375,2072,79917056,79917056
run_0_repetition_10,DONE,binary_trees/original.py,original,3.905,3.876,86.751,99.126,2280,1939,449343488,480440320
run_1_repetition_10,DONE,binary_trees/original.py,numba,4.371,4.079,85.591,100.0,2185,1921,444628992,480378880
run_2_repetition_10,DONE,binary_trees/original.py,cython,2.956,2.093,80.594,100.0,1558,1407,443523072,477298688
run_3_repetition_10,DONE,dac_mergesort/original.py,original,1.902,1.774,65.525,99.145,912,723,30781440,30650368
run_4_repetition_10,DONE,dac_mergesort/original.py,numba,2.217,1.969,63.71,97.368,874,704,30797824,30666752
run_5_repetition_10,DONE,dac_mergesort/original.py,cython,1.715,1.834,63.024,100.0,798,495,30941184,30810112
run_6_repetition_10,DONE,dijkstra/original.py,original,3.053,2.637,66.503,99.174,950,951,10477568,10698752
run_7_repetition_10,DONE,dijkstra/original.py,numba,2.529,2.803,66.809,98.605,969,799,10371072,10592256
run_8_repetition_10,DONE,dijkstra/original.py,cython,2.157,2.284,63.906,97.784,874,704,10846208,10846208
run_9_repetition_10,DONE,fannkuch/original.py,original,1.994,1.296,59.233,96.172,760,400,25268224,25268224
run_10_repetition_10,DONE,fannkuch/original.py,numba,1.766,1.176,62.215,100.0,836,419,25239552,25239552
run_11_repetition_10,DONE,fannkuch/original.py,cython,1.637,0.795,55.927,100.0,684,400,25550848,25550848
run_12_repetition_10,DONE,insertionsort/original.py,original,2.017,1.813,59.303,100.0,779,533,16629760,16629760
run_13_repetition_10,DONE,insertionsort/original.py,numba,1.887,1.751,59.304,100.0,760,533,16625664,16625664
run_14_repetition_10,DONE,insertionsort/original.py,cython,2.059,1.756,58.706,98.286,741,647,16863232,16863232
run_15_repetition_10,DONE,mandlebrot/original.py,original,27.875,27.042,96.331,99.861,7866,6842,392765440,394534912
run_16_repetition_10,DONE,mandlebrot/original.py,numba,28.082,27.991,95.783,99.879,7866,7487,395186176,401870848
run_17_repetition_10,DONE,mandlebrot/original.py,cython,20.224,20.412,94.838,100.0,5993,5502,377307136,382640128
run_18_repetition_10,DONE,nbody/original.py,original,4.896,4.902,79.874,100.0,1482,1293,10227712,10424320
run_19_repetition_10,DONE,nbody/original.py,numba,4.413,4.479,78.818,100.0,1444,1331,10199040,10199040
run_20_repetition_10,DONE,nbody/original.py,cython,4.869,5.276,79.036,99.286,1539,1312,10485760,10485760
run_21_repetition_10,DONE,recur_matrix_multiplication/original.py,original,3.613,3.302,72.784,99.237,1178,1103,10027008,10223616
run_22_repetition_10,DONE,recur_matrix_multiplication/original.py,numba,3.681,3.015,75.112,98.814,1197,1103,10018816,10215424
run_23_repetition_10,DONE,recur_matrix_multiplication/original.py,cython,1.57,1.706,53.492,97.5,647,515,38789120,39051264
run_24_repetition_10,DONE,richards/original.py,original,4.546,3.823,78.935,100.0,1501,1141,25903104,25735168
run_25_repetition_10,DONE,richards/original.py,numba,4.453,4.233,78.905,100.0,1577,1065,25882624,25841664
run_26_repetition_10,DONE,richards/original.py,cython,6.322,5.47,82.078,98.565,1824,1445,25669632,25444352
run_27_repetition_10,DONE,spectral_norm/original.py,original,10.389,10.198,89.74,99.471,2850,2547,78196736,78196736
run_28_repetition_10,DONE,spectral_norm/original.py,numba,10.41,9.907,88.568,99.545,2736,2490,78196736,78196736
run_29_repetition_10,DONE,spectral_norm/original.py,cython,8.712,8.527,87.923,99.41,2470,2129,80523264,80523264
run_0_repetition_11,DONE,binary_trees/original.py,original,3.969,4.075,85.5,99.265,2147,1920,443047936,477966336
run_1_repetition_11,DONE,binary_trees/original.py,numba,4.231,4.181,86.128,100.0,2204,1920,442228736,481636352
run_2_repetition_11,DONE,binary_trees/original.py,cython,3.074,2.959,81.114,100.0,1653,1369,444219392,477995008
run_3_repetition_11,DONE,dac_mergesort/original.py,original,2.251,2.02,65.436,98.214,855,742,30920704,30789632
run_4_repetition_11,DONE,dac_mergesort/original.py,numba,2.36,1.9,65.122,98.496,894,647,30879744,30748672
run_5_repetition_11,DONE,dac_mergesort/original.py,cython,1.815,1.402,60.325,98.421,779,552,31023104,30892032
run_6_repetition_11,DONE,dijkstra/original.py,original,2.586,2.887,67.386,100.0,931,742,10526720,10747904
run_7_repetition_11,DONE,dijkstra/original.py,numba,2.269,2.925,68.468,98.866,1007,780,10485760,10485760
run_8_repetition_11,DONE,dijkstra/original.py,cython,2.312,2.372,61.256,97.744,836,705,10858496,10858496
run_9_repetition_11,DONE,fannkuch/original.py,original,1.431,1.353,65.142,96.364,950,400,25452544,25313280
run_10_repetition_11,DONE,fannkuch/original.py,numba,1.656,1.36,63.162,98.636,836,401,25284608,25284608
run_11_repetition_11,DONE,fannkuch/original.py,cython,1.235,1.166,60.039,97.368,817,324,25587712,25518080
run_12_repetition_11,DONE,insertionsort/original.py,original,1.671,1.761,60.631,98.464,760,571,16556032,16556032
run_13_repetition_11,DONE,insertionsort/original.py,numba,1.559,1.778,66.695,100.0,969,533,16494592,16691200
run_14_repetition_11,DONE,insertionsort/original.py,cython,1.692,1.707,60.643,97.576,779,609,16998400,16998400
run_15_repetition_11,DONE,mandlebrot/original.py,original,27.869,27.94,95.874,99.8,7961,7468,395980800,397946880
run_16_repetition_11,DONE,mandlebrot/original.py,numba,28.683,28.06,96.186,99.881,7999,7962,393302016,393601024
run_17_repetition_11,DONE,mandlebrot/original.py,cython,18.47,18.832,95.107,100.0,6498,5037,373805056,379416576
run_18_repetition_11,DONE,nbody/original.py,original,3.832,4.443,81.609,98.915,1786,1484,10067968,10067968
run_19_repetition_11,DONE,nbody/original.py,numba,4.436,4.497,79.573,100.0,1482,1293,10231808,10231808
run_20_repetition_11,DONE,nbody/original.py,cython,4.863,5.048,78.395,99.333,1520,1407,10723328,10723328
run_21_repetition_11,DONE,recur_matrix_multiplication/original.py,original,3.474,3.158,73.97,100.0,1292,1104,10043392,10240000
run_22_repetition_11,DONE,recur_matrix_multiplication/original.py,numba,3.184,3.425,72.967,100.0,1330,1065,9900032,10096640
run_23_repetition_11,DONE,recur_matrix_multiplication/original.py,cython,1.741,1.692,53.741,100.0,778,476,38699008,38993920
run_24_repetition_11,DONE,richards/original.py,original,4.735,4.227,78.393,100.0,1539,1084,25841664,25841664
run_25_repetition_11,DONE,richards/original.py,numba,4.599,4.201,79.321,99.516,1596,1160,25907200,25657344
run_26_repetition_11,DONE,richards/original.py,cython,6.001,5.951,83.794,99.619,1919,1407,25673728,25616384
run_27_repetition_11,DONE,spectral_norm/original.py,original,10.078,10.33,89.122,99.487,2888,2452,77901824,77901824
run_28_repetition_11,DONE,spectral_norm/original.py,numba,9.927,9.996,89.423,99.778,2869,2547,78647296,78647296
run_29_repetition_11,DONE,spectral_norm/original.py,cython,8.454,8.559,88.166,99.469,2565,2243,79450112,79450112
run_0_repetition_12,DONE,binary_trees/original.py,original,3.632,3.9,86.492,99.126,2280,1939,442183680,481427456
run_1_repetition_12,DONE,binary_trees/original.py,numba,3.926,4.322,86.002,99.755,2337,1920,449540096,479752192
run_2_repetition_12,DONE,binary_trees/original.py,cython,2.305,2.275,81.177,98.581,1691,1388,439091200,477093888
run_3_repetition_12,DONE,dac_mergesort/original.py,original,2.293,2.009,63.266,98.649,836,685,30785536,30613504
run_4_repetition_12,DONE,dac_mergesort/original.py,numba,2.075,1.837,65.149,100.0,912,723,30957568,30826496
run_5_repetition_12,DONE,dac_mergesort/original.py,cython,1.774,1.559,58.5,98.929,722,514,30994432,30863360
run_6_repetition_12,DONE,dijkstra/original.py,original,2.173,2.845,71.176,98.246,1140,780,10358784,10579968
run_7_repetition_12,DONE,dijkstra/original.py,numba,2.728,2.769,70.953,100.0,1007,799,10485760,10706944
run_8_repetition_12,DONE,dijkstra/original.py,cython,2.261,2.442,64.291,98.056,874,666,10833920,10833920
run_9_repetition_12,DONE,fannkuch/original.py,original,1.938,1.178,60.429,96.411,779,400,25255936,25116672
run_10_repetition_12,DONE,fannkuch/original.py,numba,1.813,1.215,58.944,98.958,779,438,25362432,25223168
run_11_repetition_12,DONE,fannkuch/original.py,cython,1.665,0.809,55.466,100.0,703,324,25677824,25608192
run_12_repetition_12,DONE,insertionsort/original.py,original,1.487,1.171,64.179,100.0,931,704,16617472,16617472
run_13_repetition_12,DONE,insertionsort/original.py,numba,1.858,1.921,61.13,100.0,798,514,16687104,16687104
run_14_repetition_12,DONE,insertionsort/original.py,cython,1.727,1.997,63.36,96.897,836,533,16953344,16953344
run_15_repetition_12,DONE,mandlebrot/original.py,original,28.487,28.562,96.0,100.0,7695,7677,392712192,394481664
run_16_repetition_12,DONE,mandlebrot/original.py,numba,28.344,27.907,95.628,100.0,8138,7734,387596288,392511488
run_17_repetition_12,DONE,mandlebrot/original.py,cython,20.049,20.246,92.999,100.0,6092,5405,369782784,378142720
run_18_repetition_12,DONE,nbody/original.py,original,4.784,4.531,76.566,100.0,1501,1331,10227712,10424320
run_19_repetition_12,DONE,nbody/original.py,numba,5.061,5.323,80.946,100.0,1653,1502,10063872,10063872
run_20_repetition_12,DONE,nbody/original.py,cython,4.947,4.839,77.747,98.984,1463,1408,10416128,10416128
run_21_repetition_12,DONE,recur_matrix_multiplication/original.py,original,3.107,3.28,74.503,100.0,1292,1123,10092544,10289152
run_22_repetition_12,DONE,recur_matrix_multiplication/original.py,numba,3.036,3.212,75.507,98.892,1254,1065,9965568,10162176
run_23_repetition_12,DONE,recur_matrix_multiplication/original.py,cython,1.264,1.452,60.973,100.0,741,552,38461440,38940672
run_24_repetition_12,DONE,richards/original.py,original,4.667,3.879,78.247,100.0,1482,1141,26112000,25665536
run_25_repetition_12,DONE,richards/original.py,numba,4.44,3.983,79.652,98.548,1539,1160,26083328,25833472
run_26_repetition_12,DONE,richards/original.py,cython,6.464,5.631,82.143,100.0,1748,1464,25665536,25608192
run_27_repetition_12,DONE,spectral_norm/original.py,original,10.109,9.536,88.95,100.0,2850,2604,77287424,77287424
run_28_repetition_12,DONE,spectral_norm/original.py,numba,10.382,10.121,88.823,100.0,2812,2490,78172160,78172160
run_29_repetition_12,DONE,spectral_norm/original.py,cython,9.124,8.606,88.122,99.244,2546,2243,79986688,79986688
run_0_repetition_13,DONE,binary_trees/original.py,original,4.226,3.812,85.75,99.159,2185,2015,444964864,478896128
run_1_repetition_13,DONE,binary_trees/original.py,numba,4.017,4.136,86.144,100.0,2242,1901,448237568,478584832
run_2_repetition_13,DONE,binary_trees/original.py,cython,3.126,2.494,78.968,100.0,1463,1369,440000512,478019584
run_3_repetition_13,DONE,dac_mergesort/original.py,original,1.635,1.846,69.083,100.0,969,705,30957568,30826496
run_4_repetition_13,DONE,dac_mergesort/original.py,numba,1.812,2.099,66.506,100.0,1026,647,30810112,30875648
run_5_repetition_13,DONE,dac_mergesort/original.py,cython,1.562,1.851,62.256,100.0,817,476,31019008,30887936
run_6_repetition_13,DONE,dijkstra/original.py,original,2.827,2.691,68.32,99.174,1007,951,10276864,10694656
run_7_repetition_13,DONE,dijkstra/original.py,numba,2.594,2.901,66.943,100.0,931,742,10248192,10469376
run_8_repetition_13,DONE,dijkstra/original.py,cython,2.074,2.111,64.38,100.0,874,742,11034624,11034624
run_9_repetition_13,DONE,fannkuch/original.py,original,1.568,1.417,60.343,98.804,817,400,25280512,25141248
run_10_repetition_13,DONE,fannkuch/original.py,numba,1.543,1.41,64.274,100.0,836,400,25350144,25350144
run_11_repetition_13,DONE,fannkuch/original.py,cython,1.447,1.054,59.495,100.0,760,305,25751552,25477120
run_12_repetition_13,DONE,insertionsort/original.py,original,1.637,1.978,60.524,100.0,760,514,16519168,16519168
run_13_repetition_13,DONE,insertionsort/original.py,numba,1.572,1.675,62.569,97.619,817,552,16461824,16461824
run_14_repetition_13,DONE,insertionsort/original.py,cython,1.924,1.95,58.705,100.0,798,514,16793600,16793600
run_15_repetition_13,DONE,mandlebrot/original.py,original,26.127,25.983,96.004,99.872,8455,7392,392597504,397905920
run_16_repetition_13,DONE,mandlebrot/original.py,numba,28.487,28.982,96.102,99.893,8075,8038,388386816,393498624
run_17_repetition_13,DONE,mandlebrot/original.py,cython,20.73,20.519,94.394,99.85,5643,5055,384024576,385413120
run_18_repetition_13,DONE,nbody/original.py,original,4.085,4.919,79.227,100.0,1558,1255,10088448,10088448
run_19_repetition_13,DONE,nbody/original.py,numba,4.882,4.481,78.214,100.0,1425,1369,10235904,10235904
run_20_repetition_13,DONE,nbody/original.py,cython,4.906,4.774,79.548,100.0,1596,1350,10436608,10436608
run_21_repetition_13,DONE,recur_matrix_multiplication/original.py,original,3.678,3.193,72.883,98.667,1178,1122,10002432,10199040
run_22_repetition_13,DONE,recur_matrix_multiplication/original.py,numba,3.734,3.301,72.506,99.237,1178,1104,10117120,10313728
run_23_repetition_13,DONE,recur_matrix_multiplication/original.py,cython,1.17,1.133,60.383,100.0,874,629,38895616,39022592
run_24_repetition_13,DONE,richards/original.py,original,5.005,3.483,78.008,100.0,1425,1198,25915392,25804800
run_25_repetition_13,DONE,richards/original.py,numba,4.582,4.442,80.594,100.0,1653,1160,26091520,25690112
run_26_repetition_13,DONE,richards/original.py,cython,6.248,5.571,85.317,99.405,2109,1502,25763840,25509888
run_27_repetition_13,DONE,spectral_norm/original.py,original,10.055,9.795,89.348,100.0,2907,2528,77963264,77963264
run_28_repetition_13,DONE,spectral_norm/original.py,numba,10.286,9.943,89.102,100.0,2907,2547,78008320,78008320
run_29_repetition_13,DONE,spectral_norm/original.py,cython,8.153,8.993,87.956,98.974,2584,2205,80961536,80961536
run_0_repetition_14,DONE,binary_trees/original.py,original,3.815,3.898,85.797,100.0,2280,1996,452710400,488738816
run_1_repetition_14,DONE,binary_trees/original.py,numba,4.492,3.957,84.874,99.451,2128,1958,447655936,483639296
run_2_repetition_14,DONE,binary_trees/original.py,cython,2.97,2.814,79.497,99.545,1520,1236,443125760,477868032
run_3_repetition_14,DONE,dac_mergesort/original.py,original,2.281,2.37,64.815,100.0,855,628,30773248,30838784
run_4_repetition_14,DONE,dac_mergesort/original.py,numba,2.285,2.265,64.198,100.0,893,609,30912512,30781440
run_5_repetition_14,DONE,dac_mergesort/original.py,cython,1.594,1.944,60.883,100.0,798,495,31035392,30904320
run_6_repetition_14,DONE,dijkstra/original.py,original,2.881,2.911,67.227,99.101,950,761,10293248,10514432
run_7_repetition_14,DONE,dijkstra/original.py,numba,2.727,2.408,66.444,100.0,969,875,10186752,10604544
run_8_repetition_14,DONE,dijkstra/original.py,cython,2.336,2.58,62.013,100.0,817,647,10956800,10956800
run_9_repetition_14,DONE,fannkuch/original.py,original,1.846,1.179,60.883,98.75,798,438,25358336,25219072
run_10_repetition_14,DONE,fannkuch/original.py,numba,1.877,1.437,61.197,96.537,798,400,25276416,25276416
run_11_repetition_14,DONE,fannkuch/original.py,cython,1.213,1.039,57.408,100.0,760,305,25616384,25550848
run_12_repetition_14,DONE,insertionsort/original.py,original,1.793,1.897,59.303,96.944,779,571,16478208,16478208
run_13_repetition_14,DONE,insertionsort/original.py,numba,1.773,1.944,62.29,97.373,817,533,16687104,16687104
run_14_repetition_14,DONE,insertionsort/original.py,cython,1.994,1.926,60.847,96.25,779,590,16891904,16891904
run_15_repetition_14,DONE,mandlebrot/original.py,original,27.581,25.866,96.131,99.894,8189,8114,392769536,394539008
run_16_repetition_14,DONE,mandlebrot/original.py,numba,28.148,26.849,96.19,99.799,8094,6936,393306112,393605120
run_17_repetition_14,DONE,mandlebrot/original.py,cython,19.408,19.034,93.784,99.902,5149,4808,377315328,382533632
run_18_repetition_14,DONE,nbody/original.py,original,4.43,4.772,78.738,99.155,1539,1331,10223616,10223616
run_19_repetition_14,DONE,nbody/original.py,numba,4.195,4.739,77.577,100.0,1482,1274,10129408,10129408
run_20_repetition_14,DONE,nbody/original.py,cython,5.459,5.11,81.109,100.0,1520,1464,10665984,10665984
run_21_repetition_14,DONE,recur_matrix_multiplication/original.py,original,3.163,3.582,76.526,99.474,1311,1065,9990144,10186752
run_22_repetition_14,DONE,recur_matrix_multiplication/original.py,numba,3.428,3.147,74.309,98.488,1178,1179,10117120,10313728
run_23_repetition_14,DONE,recur_matrix_multiplication/original.py,cython,1.31,1.425,56.891,100.0,741,571,38948864,39014400
run_24_repetition_14,DONE,richards/original.py,original,4.356,4.077,79.26,100.0,1558,1084,25919488,25919488
run_25_repetition_14,DONE,richards/original.py,numba,4.599,3.427,79.497,98.824,1520,1236,26132480,25686016
run_26_repetition_14,DONE,richards/original.py,cython,6.179,5.7,83.476,99.156,1957,1483,25563136,25505792
run_27_repetition_14,DONE,spectral_norm/original.py,original,9.089,9.479,90.14,100.0,3192,2632,78512128,78512128
run_28_repetition_14,DONE,spectral_norm/original.py,numba,10.03,10.086,88.931,100.0,2850,2585,78106624,78106624
run_29_repetition_14,DONE,spectral_norm/original.py,cython,8.851,9.29,88.277,99.276,2660,2281,79937536,79937536
